,motif,m_freq_1,m_freq_2
25,PEND,0.3333333333333333,0.03225806451612903
