,motif,m_freq_1,m_freq_2
0,ZHD9,0.625,0.4838709677419355
1,DOF3.6,0.5416666666666666,0.6774193548387096
2,CDF5,0.5416666666666666,0.5806451612903226
3,DOF5.1,0.5,0.6774193548387096
4,DOF5.8,0.5,0.7096774193548387
10,Zm00001d027846,0.4583333333333333,0.6129032258064516
15,DOF3.4,0.375,0.5161290322580645
18,DOF1.7,0.375,0.5161290322580645
21,BPC1,0.3333333333333333,0.5483870967741935
28,DOF1.5,0.3333333333333333,0.5161290322580645
37,DOF4.2,0.2916666666666667,0.5161290322580645
